Name,Business Description,Category,Zoning,DataParsing.Address,Neighbourhood,Neighbourhood ID,Latitude,Longitude,Point
CROMDALE LIQUOR STORE,Alcohol Sales,Alcohol Sales (Consumption Off Premises),RA7 CB2,11723 - 82 STREET NW,PARKDALE,1160,53.56965444785372,-113.4663962,POINT (-113.466396197168 53.569654447854)
G & R LIQUOR MART,,Alcohol Sales (Consumption Off Premises),CMU,9906 - 109 STREET NW,DOWNTOWN,1090,53.537570925020994,-113.5087635,POINT (-113.508763462947 53.537570925021)
ACE LIQUOR DISCOUNTER AT SUMMERSIDE,Liquor Store,Alcohol Sales (Consumption Off Premises),CSC,1124 - 91 STREET SW,ELLERSLIE INDUSTRIAL,6214,53.42368025,-113.4755922,POINT (-113.475592152867 53.423680250415)
SAFEWAY WINE & SPIRITS,Retail Liquor Store,Alcohol Sales (Consumption Off Premises) Minor Retail Store,CSC,12807 - 140 AVENUE NW,PEMBINA,3340,53.60105688,-113.5429659,POINT (-113.542965892923 53.601056880845)
ACE LIQUOR DISCOUNTER AT FOREST HEIGHTS,Liquor Store,Alcohol Sales (Consumption Off Premises),DC2,7842 - 106 AVENUE NW,FOREST HEIGHTS,6230,53.54963823458446,-113.4488054,POINT (-113.448805403741 53.549638234584)
LIQUOR SPOT,Alcohol sales,Alcohol Sales (Consumption Off Premises),CSC,17110 - 90 AVENUE NW,SUMMERLEA,4520,53.525262610723566,-113.6195517,POINT (-113.619551728472 53.525262610724)
EC WINES & SPIRITS,,Alcohol Sales (Consumption Off Premises) Minor Retail Store,DC2,9921 - 170 STREET NW,GLENWOOD,4180,53.53828704016251,-113.613886,POINT (-113.613886034379 53.538287040163)
ECONO LIQUOR #6,Liquor Store,Alcohol Sales (Consumption Off Premises),CB2,4313 - 167 AVENUE NW,BRINTNELL,2110,53.62809506,-113.4067452,POINT (-113.406745243399 53.628095057743)
LIQUOR WAY,Liquor Store,Alcohol Sales (Consumption Off Premises),CB1,9444 - 149 STREET NW,SHERWOOD,4500,53.53129212095729,-113.5785359,POINT (-113.578535894091 53.531292120957)
WHISKY DROP,Retail Liquor Store,Alcohol Sales (Consumption Off Premises),IB,11752 - 149 STREET NW,GARSIDE INDUSTRIAL,4170,53.56981063104111,-113.5787592,POINT (-113.578759215661 53.569810631041)
LIQUOR HOUSE,Liquor Store,Alcohol Sales (Consumption Off Premises),DC1,11314 - JASPER AVENUE NW,OLIVER,1150,53.54119299337309,-113.5162148,POINT (-113.516214828366 53.541192993373)
156 STREET LIQUOR STORE,LIquor Store,Alcohol Sales (Consumption Off Premises),CB1,10149 - 156 STREET NW,CANORA,4090,53.54301163698008,-113.5898274,POINT (-113.589827378995 53.54301163698)
ARGYLL LIQUOR VILLAGE,Liquor Sales,Alcohol Sales (Consumption Off Premises) Minor Retail Store,IB,8305 - ARGYLL ROAD NW,CORONET ADDITION INDUSTRIAL,6090,53.502171451188254,-113.4537166,POINT (-113.45371661491 53.502171451188)
LIQUOR HOUSE,,Alcohol Sales (Consumption Off Premises),CB1,6508 - 170 AVENUE NW,MCCONACHIE AREA,2521,53.632946963591735,-113.4417157,POINT (-113.441715744947 53.632946963592)
ACE LIQUOR AT TERRA LOSA,Retail Liquor Store,Alcohol Sales (Consumption Off Premises),DC1,9500 - 170 STREET NW,TERRA LOSA,4540,53.53368902818615,-113.6173859,POINT (-113.617385892975 53.533689028186)
#1 LIQUOR MERCHANTS,Liquor Store,Alcohol Sales (Consumption Off Premises),CB1,10410 - 107 AVENUE NW,CENTRAL MCDOUGALL,1030,53.551656941067904,-113.4997676,POINT (-113.499767620871 53.551656941068)
FIRST LIQUOR,Retail Liquor Store,Alcohol Sales (Consumption Off Premises),CSC,102 3342 - PARSONS ROAD NW,PARSONS INDUSTRIAL,6570,53.46707483705071,-113.4869788,POINT (-113.486978842216 53.467074837051)
LIQUOR HUB DISCOUNTER,Retail Liquor Store,Alcohol Sales (Consumption Off Premises),DC2,15317 - 97 STREET NW,EAUX CLAIRES,2241,53.61473411271844,-113.4903929,POINT (-113.490392868939 53.614734112718)
MINHAS COLD BEER SPIRITS WINE,Liquor retail,Alcohol Sales (Consumption Off Premises),IB,4234 - 99 STREET NW,STRATHCONA INDUSTRIAL PARK,6700,53.479387004761364,-113.4874937,POINT (-113.487493723728 53.479387004761)
VINES OF RIVERBEND #531,Liquor Store,Alcohol Sales (Consumption Off Premises),DC2 CSC,2331 - RABBIT HILL ROAD NW,HODGSON,5620,53.45509689655368,-113.5635231,POINT (-113.563523119576 53.455096896554)
LIQUOR HUT EDMONTON,Liquor store Operate 7 days week. Closed on xmas day only,Alcohol Sales (Consumption Off Premises),DC2,20922 - 62 AVENUE NW,GRANVILLE,4551,53.49813468240211,-113.6823883,POINT (-113.682388261105 53.498134682402)
ACE LIQUOR DISCOUNTER AT GLASTONBURY,LIQUOR STORE,Alcohol Sales (Consumption Off Premises),CSC,6242 - 199 STREET NW,GLASTONBURY,4720,53.49500743292479,-113.6670915,POINT (-113.667091474507 53.495007432925)
ACE LIQUOR DISCOUNTER AT 50TH STREET MARKET,Liquor Store,Alcohol Sales (Consumption Off Premises),CSC,4857 - 167 AVENUE NW,BRINTNELL,2110,53.62761774302375,-113.4099749,POINT (-113.409974912475 53.627617743024)
ABLO LENDRUM,Liquor Store,Alcohol Sales (Consumption Off Premises),CSC,5854 - 111 STREET NW,LENDRUM PLACE,5270,53.495219467255964,-113.5177566,POINT (-113.517756630975 53.495219467256)
VALUE LIQUOR HUB,Retail liquor store,Alcohol Sales (Consumption Off Premises),CSC,5149 - 55 AVENUE NW,ROPER INDUSTRIAL,6640,53.49115995652553,-113.4197501,POINT (-113.419750074655 53.491159956526)
ABLO MACEWAN,Liquor Store,Alcohol Sales (Consumption Off Premises),DC2,860 - 119 STREET SW,MACEWAN,5452,53.42550917566299,-113.5292232,POINT (-113.529223191778 53.425509175663)
SOBEYS SPIRITS WINE COLD BEER #3714,Alcohol Sales,Alcohol Sales (Consumption Off Premises),DC2,10423 - 51 AVENUE NW,EMPIRE PARK,5170,53.48750333894234,-113.4976923,POINT (-113.497692346419 53.487503338942)
GREAT CANADIAN LIQUOR,Liquor Store,Alcohol Sales (Consumption Off Premises),IB,11478 - 149 STREET NW,GARSIDE INDUSTRIAL,4170,53.565102766018825,-113.579594,POINT (-113.57959402111 53.565102766019)
CO-OP LIQUOR STORE AT CHAPPELLE #24,Retail Liquor Store,Alcohol Sales (Consumption Off Premises),CSC,14163 - 28 AVENUE SW,CHAPPELLE AREA,5462,53.40944519,-113.5670022,POINT (-113.567002194526 53.409445188211)
66TH STREET LIQUOR,Liquor Store,Alcohol Sales (Consumption Off Premises),CB1,11804 - 66 STREET NW,MONTROSE,2550,53.570586629221175,-113.4434492,POINT (-113.443449239033 53.570586629221)
BOSS LIQUOR DISCOUNTER,RETAIL LIQUOR STORE FOR OFF-SITE ALCOHOL CONSUMPTION,Alcohol Sales (Consumption Off Premises),DC2,4223 - 23 AVENUE NW,DALY GROVE,6150,53.45451774417538,-113.4080855,POINT (-113.408085466411 53.454517744175)
50 ST LIQUOR STORE,Liquor Store,Alcohol Sales (Consumption Off Premises),IB,5010 - 76 AVENUE NW,DAVIES INDUSTRIAL EAST,6160,53.51313411039136,-113.4192994,POINT (-113.419299429899 53.513134110391)
LIQUOR DEPOT AT CALLINGWOOD SQUARE #551,Liquor Store,Alcohol Sales (Consumption Off Premises),CSC,6611 - 177 STREET NW,CALLINGWOOD SOUTH,4080,53.502216259196096,-113.6267442,POINT (-113.62674417364 53.502216259196)
ABC LIQUOR OUTLET,RETAIL LIQUOR STORE,Alcohol Sales (Consumption Off Premises),CB2,10816 - 170 STREET NW,MCNAMARA INDUSTRIAL,4300,53.55477922170328,-113.6166887,POINT (-113.616688661653 53.554779221703)
JACK'S LIQUOR STORE,Liquor Store,Alcohol Sales (Consumption Off Premises),CB1,9012 - 50 STREET NW,OTTEWELL,6550,53.522421191594916,-113.4191956,POINT (-113.419195564184 53.522421191595)
CROWN LIQUOR STORE,Liquor store,Alcohol Sales (Consumption Off Premises),IB,9119 - STADIUM ROAD NW,MCCAULEY,1140,53.55423316408645,-113.4781952,POINT (-113.478195229233 53.554233164086)
LIQUOR ON 96,Liquor Store,Alcohol Sales (Consumption Off Premises),DC1 DC1,10164 - 96 STREET NW,BOYLE STREET,1020,53.54442859528335,-113.4828218,POINT (-113.482821831167 53.544428595283)
ACE LIQUOR DISCOUNTER AT JAGARE RIDGE,Liquor Store,Alcohol Sales (Consumption Off Premises),CSC,14116 - 28 AVENUE SW,HAYS RIDGE AREA,5465,53.411093192682664,-113.5668103,POINT (-113.566810280648 53.411093192683)
CROWN LIQUOR,Liquor store,Alcohol Sales (Consumption Off Premises),CNC CB1 RF3,9537 - 76 AVENUE NW,RITCHIE,6610,53.51180963561517,-113.4759592,POINT (-113.475959170184 53.511809635615)
LIQUOR ISLAND,Liquor retail store,Alcohol Sales (Consumption Off Premises),CSC,20122 - LESSARD ROAD NW,THE HAMPTONS,4461,53.47800068,-113.6734068,POINT (-113.673406824143 53.478000680696)
ACE LIQUOR DISCOUNTER AT MANNING TOWN CENTRE,Liquor Store,Alcohol Sales (Consumption Off Premises),DC1 DC1,15728 - 37 STREET NW,GORMAN,2311,53.61848754892198,-113.3990655,POINT (-113.399065474025 53.618487548922)
KESWICK BOSS LIQUOR,RETAIL LIQUOR STORE FOR OFF-SITE CONSUMPTION.,Alcohol Sales (Consumption Off Premises),DC2,2767 - 182 STREET SW,KESWICK AREA,5576,53.411037755373385,-113.6357212,POINT (-113.635721161209 53.411037755373)
JASPER LIQUOR MERCHANTS,Liquor Store,Alcohol Sales (Consumption Off Premises),DC2,11607 - JASPER AVENUE NW,OLIVER,1150,53.54062649394158,-113.5219458,POINT (-113.521945830352 53.540626493942)
ACE LIQUOR AT LONDONDERRY,Liquor Store,Alcohol Sales (Consumption Off Premises),CSC,14010 - 66 STREET NW,KILDARE,2400,53.60238846587628,-113.4460354,POINT (-113.446035413793 53.602388465876)
LOCAL LIQUOR STORE,Liquor store,Alcohol Sales (Consumption Off Premises),CSC,4232 - 66 STREET NW,MICHAELS PARK,6480,53.48102795481291,-113.4437824,POINT (-113.443782399843 53.481027954813)
LIQUOR 118,Liquor Store,Alcohol Sales (Consumption Off Premises),CB2,8933 - 118 AVENUE NW,ALBERTA AVENUE,1010,53.570231204686664,-113.4793019,POINT (-113.479301858505 53.570231204687)
COLOR-DE-VINO,To operate a Fine wine & spirits retail liquor store.,Alcohol Sales (Consumption Off Premises),CB2,9606 - 82 AVENUE NW,STRATHCONA,5480,53.51835551923612,-113.47705,POINT (-113.477049955549 53.518355519236)
LIQUOR ON 17,Liquor store,Alcohol Sales (Consumption Off Premises),CB1,1758 - 34 AVENUE NW,WILD ROSE,6790,53.46801323521445,-113.3706512,POINT (-113.370651218797 53.468013235214)
CHATEAU LOUIS LIQUOR STORE,Liquor Store,Alcohol Sales (Consumption Off Premises),CB2,11450 - 117 STREET NW,PRINCE RUPERT,1170,53.56628890643667,-113.5225306,POINT (-113.522530628704 53.566288906437)
97 STREET LIQUOR STORE,liquor store,Alcohol Sales (Consumption Off Premises),CSC,12965 - 97 STREET NW,KILLARNEY,2420,53.58937012568389,-113.4914724,POINT (-113.491472388277 53.589370125684)
LIQUOR 118,Liquor Store,Alcohol Sales (Consumption Off Premises),CB2,8933 - 118 AVENUE NW,ALBERTA AVENUE,1010,53.570116068857864,-113.4793008,POINT (-113.479300800414 53.570116068858)
LIQUOR HUT,Liquor Store,Alcohol Sales (Consumption Off Premises),DC1,2427 - MAPLE ROAD NW,TAMARACK,6443,53.47748166,-113.3662,POINT (-113.366199973527 53.477481657482)
OLYMPIA LIQUOR SKYVIEW,Retail Liquor Store,Alcohol Sales (Consumption Off Premises),DC2,13538 - 137 AVENUE NW,PEMBINA,3340,53.60036904574858,-113.5550119,POINT (-113.555011925827 53.600369045749)
REAL CANADIAN LIQUOR STORE,To continue to operate a Major Alcohol Sales use.,Alcohol Sales (Consumption Off Premises) Minor Retail Store,CSC,12350 - 137 AVENUE NW,BARANOW,3020,53.60085855,-113.5367261,POINT (-113.536726088994 53.600858552136)
RIVERVIEW LIQUOR,Liquor retail store,Alcohol Sales (Consumption Off Premises),RA9,1 9028 - JASPER AVENUE NW,BOYLE STREET,1020,53.55085749979072,-113.4744068,POINT (-113.474406804542 53.550857499791)
ECONO LIQUOR,Liquor Store,Alcohol Sales (Consumption Off Premises),CSC CSC,8323 - CHAPPELLE WAY SW,CHAPPELLE AREA,5462,53.39672627,-113.5937072,POINT (-113.593707234891 53.396726272159)
LIQUOR ISLAND,LIQUOR STORE,Alcohol Sales (Consumption Off Premises),DC2,9772 - 182 STREET NW,LA PERLE,4240,53.53284475,-113.6384925,POINT (-113.638492511875 53.532844753695)
LONGSTREET LIQUOR,,Alcohol Sales (Consumption Off Premises),DC1,11411 - 104 AVENUE NW,OLIVER,1150,53.545936415759215,-113.5172718,POINT (-113.517271752442 53.545936415759)
ACE LIQUOR DISCOUNTER AT HERITAGE VILLAGE,Liquor Store,Alcohol Sales (Consumption Off Premises),DC2,11035 - 23 AVENUE NW,KEHEEWIN,5250,53.45280838727468,-113.5146182,POINT (-113.514618199827 53.452808387275)
HERMITAGE LIQUOR EXPRESS,Liquor Store,Alcohol Sales (Consumption Off Premises),CSC,12727 - 50 STREET NW,HOMESTEADER,2350,53.586691699519896,-113.4171943,POINT (-113.417194260641 53.58669169952)
ACE LIQUOR DISCOUNTER AT CLAREVIEW,Liquor Store,Alcohol Sales (Consumption Off Premises),CSC,14005 - VICTORIA TRAIL NW,BANNERMAN,2030,53.603784512123454,-113.3843986,POINT (-113.384398557296 53.603784512123)
SOBEYS SPIRITS WINE COLD BEER,liquor store,Alcohol Sales (Consumption Off Premises),CSC CB2,11436 - 106 STREET NW,SPRUCE AVENUE,1230,53.562375699086466,-113.5056756,POINT (-113.505675600851 53.562375699086)
SINOCAN SUPPLY INC.,Sinocan Supply Inc is a alcohol beverage importer and distribute to liquor boards across the Canada.,Alcohol Sales (Consumption Off Premises),EIB,302 1230 - 91 STREET SW,ELLERSLIE INDUSTRIAL,6214,53.42225436227336,-113.47637,POINT (-113.476370038254 53.422254362273)
MARIO'S LIQUOR STORE LTD,Liquor Store,Alcohol Sales (Consumption Off Premises),CB1,5007 - 118 AVENUE NW,HIGHLANDS,2330,53.57008585705061,-113.4187976,POINT (-113.418797600261 53.570085857051)
ACE LIQUOR DISCOUNTER AT OLD TOWNE,Liquor Store,Alcohol Sales (Consumption Off Premises),CSC,11708 - 34 STREET NW,BEVERLY HEIGHTS,2100,53.56980046345329,-113.3954495,POINT (-113.395449527691 53.569800463453)
ARGYLL LIQUOR LINK,LIQUOR STORE,Alcohol Sales (Consumption Off Premises),CB3 IB,6922 - 76 AVENUE NW,GIRARD INDUSTRIAL,6260,53.512865809129906,-113.4344651,POINT (-113.434465051705 53.51286580913)
SUPER VALUE LIQUOR,RETAIL LIQUOR STORE,Alcohol Sales (Consumption Off Premises),CSC,12832 - 97 STREET NW,LAUDERDALE,3260,53.58639872914249,-113.4929203,POINT (-113.49292032483 53.586398729142)
MOLSON COORS CANADA,Brewery Sales Office,Alcohol Sales (Consumption Off Premises),IB,28 - AIRPORT ROAD NW,BLATCHFORD AREA,1111,53.56757181515077,-113.5203887,POINT (-113.520388666275 53.567571815151)
THE REAL CANADIAN LIQUOR STORE,Retail Liquor Store,Alcohol Sales (Consumption Off Premises),DC1 DC1,635 - 54 STREET SW,CHARLESWORTH,6661,53.427104944566075,-113.4243212,POINT (-113.424321227117 53.427104944566)
THE DISCOUNT LIQUOR,retail liquor store,Alcohol Sales (Consumption Off Premises),DC2,5 13651 - ST ALBERT TRAIL NW,MCARTHUR INDUSTRIAL,3290,53.59839482,-113.5730615,POINT (-113.573061522526 53.598394823344)
DELTON LIQUOR MART,,Alcohol Sales (Consumption Off Premises),CB2,6 8103 - 127 AVENUE NW,YELLOWHEAD CORRIDOR EAST,1270,53.58423465152739,-113.4660779,POINT (-113.466077858565 53.584234651527)
LIQUOR ISLAND,LIQUOR STORE,Alcohol Sales (Consumption Off Premises),DC1 CB2,7808 - GATEWAY BOULEVARD NW,STRATHCONA JUNCTION,5151,53.51466427306086,-113.4948706,POINT (-113.494870591643 53.514664273061)
LIQUOR VAULT,Retail Liquor Store.,Alcohol Sales (Consumption Off Premises),CSC,13704 - CASTLE DOWNS ROAD NW,CARLISLE,3090,53.60021492959483,-113.5176345,POINT (-113.517634516838 53.600214929595)
ALBERTINO LIQUOR,Liquor Store,Alcohol Sales (Consumption Off Premises),CSC,7244 - 101 AVENUE NW,TERRACE HEIGHTS,6730,53.54146041073191,-113.4391839,POINT (-113.439183949836 53.541460410732)
AD LIQUOR MART,Liquor Store,Alcohol Sales (Consumption Off Premises),CO,11836 - WAYNE GRETZKY DRIVE NORTHBOUND NW,MONTROSE,2550,53.57164461454941,-113.4525787,POINT (-113.452578652456 53.571644614549)
LIQUOR 118,Liquor Store,Alcohol Sales (Consumption Off Premises),CB2,8933 - 118 AVENUE NW,ALBERTA AVENUE,1010,53.570025700475625,-113.4793,POINT (-113.479299975498 53.570025700476)
RICKY'S LIQUOR,Liquor Store,Alcohol Sales (Consumption Off Premises),DC2 DC2 DC2 DC2 DC2,6114 - 50 STREET NW,ROPER INDUSTRIAL,6640,53.49908422396972,-113.4244125,POINT (-113.424412546299 53.49908422397)
121 JASPER LIQUOR,Liquor Store,Alcohol Sales (Consumption Off Premises),CB3,12110 - JASPER AVENUE NW,OLIVER,1150,53.54124830390268,-113.5311737,POINT (-113.531173710793 53.541248303903)
SOBEYS LIQUOR TAMARACK #5464,To operate a Major Alcohol Sales,Alcohol Sales (Consumption Off Premises),CSC,2425 - 17 STREET NW,TAMARACK,6443,53.45666269698649,-113.3674673,POINT (-113.367467278021 53.456662696986)
DAHLAK LIQUOR STORE,Liquor Store & minor retail,Alcohol Sales (Consumption Off Premises),CB1,10724 - 107 AVENUE NW,CENTRAL MCDOUGALL,1030,53.55172517888668,-113.5060642,POINT (-113.506064203082 53.551725178887)
TOPS LIQUOR,Liquor Store,Alcohol Sales (Consumption Off Premises),CSC,7440 - 82 AVENUE NW,KENILWORTH,6350,53.51835637870328,-113.4418005,POINT (-113.441800520125 53.518356378703)
PANDA FLOWERS TERRA LOSA,Floral Shop - Flower Arrangements Gift Baskets - Alcohol Sales (Off Premises),Alcohol Sales (Consumption Off Premises) Minor Retail Store,DC1,9772 - 170 STREET NW,TERRA LOSA,4540,53.53368902818615,-113.6173859,POINT (-113.617385892975 53.533689028186)
CENTURY PARK CELLARS,Boutique liquor beer & wine store,Alcohol Sales (Consumption Off Premises),DC2 DC2,2349 - 111 STREET NW,ERMINESKIN,5180,53.45506271846815,-113.5144465,POINT (-113.514446548778 53.455062718468)
EASY LIQUOR INC.,Liqour store,Alcohol Sales (Consumption Off Premises),CB2,4938 - 98 AVENUE NW,EASTGATE BUSINESS PARK,6180,53.537953843977164,-113.4161968,POINT (-113.416196826788 53.537953843977)
RIVIERA LIQUOR STORE,Liquor Store,Alcohol Sales (Consumption Off Premises),DC2,5359 - CALGARY TRAIL NW,CALGARY TRAIL NORTH,5110,53.49158010886536,-113.4932843,POINT (-113.493284252507 53.491580108865)
LIQUOR TODAY,Liquor store,Alcohol Sales (Consumption Off Premises),IB,16618 - 109 AVENUE NW,WEST SHEFFIELD INDUSTRIAL,4600,53.556335002610204,-113.60631,POINT (-113.606309982085 53.55633500261)
KINGSWAY LIQUOR & WINE,Retail Liquor Store,Alcohol Sales (Consumption Off Premises),CB2,11 10175 - 186 STREET NW,SUNWAPTA INDUSTRIAL,4530,53.542393644499306,-113.6445125,POINT (-113.644512505642 53.542393644499)
STAYNER LIQUOR,LIQUOR STORE,Alcohol Sales (Consumption Off Premises),CSC,13819 - 127 STREET NW,BARANOW,3020,53.60148334055346,-113.539641,POINT (-113.539641030508 53.601483340553)
PARKWEST LIQUOR LOFT,Liquor Store,Alcohol Sales (Consumption Off Premises),DC2 DC2,18916 - 87 AVENUE NW,BELMEAD,4040,53.521772480878454,-113.6501581,POINT (-113.650158078999 53.521772480878)
66 LIQUOR ISLAND,A Liquor Store,Alcohol Sales (Consumption Off Premises),DC2,6721 - ELLERSLIE ROAD SW,SUMMERSIDE,6213,53.42426055467834,-113.444737,POINT (-113.444736997902 53.424260554678)
CROWN LIQUOR STORE,,Alcohol Sales (Consumption Off Premises),CSC,14626 - 50 STREET NW,CASSELMAN,2130,53.609162632731426,-113.4182286,POINT (-113.418228562652 53.609162632731)
LIQUOR BAY,Liquor sales,Alcohol Sales (Consumption Off Premises),CB1,9104 - 75 STREET NW,HOLYROOD,6310,53.52571535143124,-113.4437732,POINT (-113.443773194977 53.525715351431)
ACE LIQUOR DISCOUNTER AT MILLWOODS,Liquor Store,Alcohol Sales (Consumption Off Premises),CSC,1503 - 50 STREET NW,CRAWFORD PLAINS,6140,53.444864465011726,-113.4182924,POINT (-113.418292357256 53.444864465012)
GRAND WINES AND LIQUORS,export and import wine and food wholesale. admin office only,Alcohol Sales (Consumption Off Premises) Minor Retail Store,IM,3 9804 - 47 AVENUE NW,PAPASCHASE INDUSTRIAL,6560,53.48561646081725,-113.4827001,POINT (-113.482700053881 53.485616460817)
LIQUOR DEPOT AT BONNIE DOON,Liquor Store,Alcohol Sales (Consumption Off Premises),DC2,187 1 - BONNIE DOON SHOPPING CENTRE NW,BONNIE DOON,6040,53.52086348901903,-113.4568522,POINT (-113.456852217522 53.520863489019)
ACE LIQUOR DISCOUNTER AT GROAT ROAD WESTMOUNT,Liquor Store,Alcohol Sales (Consumption Off Premises),CSC,13366 - 114 AVENUE NW,WOODCROFT,3450,53.56409242518592,-113.5521916,POINT (-113.552191571246 53.564092425186)
ACE LIQUOR DISCOUNTER AT MAGRATH,Liquor Store,Alcohol Sales (Consumption Off Premises),CSC CSC,14175 - 23 AVENUE NW,MAGRATH HEIGHTS,5476,53.45305343251444,-113.5644125,POINT (-113.564412535082 53.453053432514)
LIQUOR DEPOT AT 99TH STREET,Liquor Store,Alcohol Sales (Consumption Off Premises),DC2 CB2,8169 - 99 STREET NW,RITCHIE,6610,53.51773589281352,-113.4855281,POINT (-113.485528109859 53.517735892814)
ACE LIQUOR DISCOUNTER AT TAMARACK,Liquor Store,Alcohol Sales (Consumption Off Premises),CSC,3755 - 17 STREET NW,TAMARACK,6443,53.47590267150821,-113.3665941,POINT (-113.366594140453 53.475902671508)
SOBEYS SPIRITS WINE COLD BEER - LEWIS ESTATES,Liquor Store,Alcohol Sales (Consumption Off Premises) Minor Retail Store,DC1,1026 - WEBBER GREENS DRIVE NW,SUDER GREENS,4730,53.52491543024885,-113.6690168,POINT (-113.669016792391 53.524915430249)
SOUTHTRAIL ACE LIQUOR DISCOUNTER,Liquor Store,Alcohol Sales (Consumption Off Premises),DC2 DC2,3345 - CALGARY TRAIL NW,CALGARY TRAIL SOUTH,5120,53.46613804839504,-113.493912,POINT (-113.493912012292 53.466138048395)
SOMMELIER SELECT LIQUOR STORE,Retail liquor storetasting bar,Alcohol Sales (Consumption Off Premises),CB1,2041 - 163 STREET SW,GLENRIDDING RAVINE,5579,53.41557989948735,-113.6012983,POINT (-113.601298302002 53.415579899487)
S.C. WINE INC.,Wine importer we do not sell or store wines in the office.,Alcohol Sales (Consumption Off Premises),EIB,302 1230 - 91 STREET SW,ELLERSLIE INDUSTRIAL,6214,53.42225436227336,-113.47637,POINT (-113.476370038254 53.422254362273)
MY LIQUOR STORE,Liquor store,Alcohol Sales (Consumption Off Premises),CB1,12411 - 107 AVENUE NW,WESTMOUNT,3440,53.55071695732533,-113.5364121,POINT (-113.53641214623 53.550716957325)
ACE LIQUOR DISCOUNTER AT ELLERSLIE,liquor store,Alcohol Sales (Consumption Off Premises),CSC,11146 - ELLERSLIE ROAD SW,MACEWAN,5452,53.42589616,-113.5186214,POINT (-113.518621444823 53.425896156142)
ACE LIQUOR DISCOUNTER AT WEST GRANVILLE,Liquor Store,Alcohol Sales (Consumption Off Premises),DC2 DC1,7209 - WINTERBURN ROAD NW,GRANVILLE,4551,53.50712581530484,-113.6868107,POINT (-113.686810680041 53.507125815305)
CLAREVIEW LIQUOR,Liquor Store,Alcohol Sales (Consumption Off Premises),CB2,8 13750 - 50 STREET NW,CLAREVIEW TOWN CENTRE,2145,53.59864452477074,-113.4144678,POINT (-113.414467790658 53.598644524771)
LIQUOR DEPOT AT CAPILANO #593,Liquor Store,Alcohol Sales (Consumption Off Premises),CSC,180 5055 - 101 AVENUE NW,OTTEWELL,6550,53.539384736623305,-113.4216447,POINT (-113.421644728098 53.539384736623)
BOSS LIQUOR,Minor alcohol sales,Alcohol Sales (Consumption Off Premises),DC2,1531 - LAKEWOOD ROAD WEST NW,MEYONOHK,6470,53.458163926108995,-113.4609673,POINT (-113.460967302269 53.458163926109)
WILDROSE LIQUOR,,Alcohol Sales (Consumption Off Premises),CB1,10680 - 156 STREET NW,BRITANNIA YOUNGSTOWN,4060,53.55078443989205,-113.5908714,POINT (-113.590871371546 53.550784439892)
VALLEY LIQUOR HOUSE,Liquor Store,Alcohol Sales (Consumption Off Premises),UW,10824 - 102 AVENUE NW,DOWNTOWN,1090,53.543263707057065,-113.5078755,POINT (-113.507875504272 53.543263707057)
LIQUOR 23 LTD.,Liquor store,Alcohol Sales (Consumption Off Premises),CSC,2330 - 23 AVENUE NW,SILVER BERRY,6442,53.45478513372155,-113.3759378,POINT (-113.375937765029 53.454785133722)
ACE LIQUOR DISCOUNTER AT ALBANY SQUARE,retail liquor store selling beer wine and spirits,Alcohol Sales (Consumption Off Premises),CSC,16710 - 127 STREET NW,ALBANY,3460,53.629687555608626,-113.5444563,POINT (-113.544456315302 53.629687555609)
SHOP RITE LIQUOR,Operate a liquor store,Alcohol Sales (Consumption Off Premises),CB1,11447 - 124 STREET NW,INGLEWOOD,3240,53.56507785728897,-113.5354212,POINT (-113.535421196619 53.565077857289)
LIQUOR HOUSE,Liquor Store,Alcohol Sales (Consumption Off Premises),CB1,16220 - ELLERSLIE ROAD SW,AMBLESIDE,5505,53.42432020313258,-113.6041672,POINT (-113.604167226747 53.424320203133)
SUPER VALUE LIQUOR,Retail Liquor Store,Alcohol Sales (Consumption Off Premises),DC2 DC2,252 - MANNING CROSSING NW,YORK,2720,53.60036436871298,-113.4228612,POINT (-113.42286116103 53.600364368713)
WINE & BEYOND AT MACTAGGART RIDGE #592,Liquor Store,Alcohol Sales (Consumption Off Premises),CSC,5962 - MULLEN WAY NW,MACTAGGART,5477,53.43525373248547,-113.5726153,POINT (-113.572615310972 53.435253732485)
EDMONTON LIQUOR MERCHANTS,Liquor Store,Alcohol Sales (Consumption Off Premises),IB,9855 - 63 AVENUE NW,ROSEDALE INDUSTRIAL,6650,53.49943242918873,-113.4850695,POINT (-113.485069497886 53.499432429189)
CRAFT & CORK LIQUOR STORE,,Alcohol Sales (Consumption Off Premises),CB1,6807 - 170 STREET NW,OLESKIW,4360,53.50316662001095,-113.6140358,POINT (-113.614035829561 53.503166620011)
MENISA LIQUOR,Liquor Store,Alcohol Sales (Consumption Off Premises),DC2,1039 - KNOTTWOOD ROAD EAST NW,MENISA,6450,53.44489067751272,-113.4438695,POINT (-113.443869477577 53.444890677513)
ACE LIQUOR DISCOUNTER AT MAYFIELD COMMON,Liquor Store,Alcohol Sales (Consumption Off Premises),CSC,370 - MAYFIELD COMMON NW,BRITANNIA YOUNGSTOWN,4060,53.54381178629123,-113.6116998,POINT (-113.611699840881 53.543811786291)
TRUMPETER BOSS LIQUOR,RETAIL LIQUOR STORE,Alcohol Sales (Consumption Off Premises),DC1,101 2230 - TRUMPETER WAY NW,TRUMPETER AREA,4471,53.589253834761976,-113.6789386,POINT (-113.67893858827 53.589253834762)
ACE LIQUOR DISCOUNTER AT THE MEADOWS,Liquor Store,Alcohol Sales (Consumption Off Premises),CSC,2334 - 24 STREET NW,SILVER BERRY,6442,53.454956,-113.3796286,POINT (-113.379628617332 53.454955997141)
ACE LIQUOR DISCOUNTER AT WINDERMERE CROSSING,Liquor store,Alcohol Sales (Consumption Off Premises),CSC,1145 - WINDERMERE WAY SW,WINDERMERE,5570,53.43839913770217,-113.6181578,POINT (-113.618157844786 53.438399137702)
WINE GALLERY EDMONTON,Major Alcohol Sales Fine Wine Boutique,Alcohol Sales (Consumption Off Premises) Minor Retail Store,IB,10930 - 119 STREET NW,QUEEN MARY PARK,1180,53.55640695,-113.5279144,POINT (-113.527914383174 53.55640694663)
SUPERIOR SPIRITS WINE & BEER,Liquor Store,Alcohol Sales (Consumption Off Premises),CB1,6611 - 99 STREET NW,HAZELDEAN,6290,53.50315572944954,-113.4857262,POINT (-113.485726209853 53.50315572945)
LIQUOR HOUSE,Operate a liquor store,Alcohol Sales (Consumption Off Premises),CO CO,101 6104 - 104 STREET NW,ALLENDALE,5010,53.49849598752618,-113.4981971,POINT (-113.498197130832 53.498495987526)
127 ST LIQUOR,LIQUOR STORE RETAIL STORE,Alcohol Sales (Consumption Off Premises),CB1,12617 - 121 AVENUE NW,PRINCE CHARLES,3350,53.57493289659062,-113.5407299,POINT (-113.540729863151 53.574932896591)
THE CANADIAN BREW HOUSE (HEAD OFFICE) LTD.,We already have a business license under this business but we'd like to add our Brewhouse Bevy Bikes (Bike Bars) to this existing license (#174669113-001),Alcohol Sales (Consumption Off Premises),EIB,1112 - 95 STREET SW,ELLERSLIE INDUSTRIAL,6214,53.421505610717254,-113.4801086,POINT (-113.480108557929 53.421505610717)
CO-OP LIQUOR AT GRIESBACH,Retail liquor store location.,Alcohol Sales (Consumption Off Premises),GVC RA8g GVC,9960 - 137 AVENUE NW,GRIESBACH,3111,53.60105635956147,-113.4948942,POINT (-113.494894199343 53.601056359561)
LIQUOR STORE ON 111,Liquor store,Alcohol Sales (Consumption Off Premises),CB1,9611 - 111 AVENUE NW,MCCAULEY,1140,53.55887304219822,-113.4899469,POINT (-113.489946910405 53.558873042198)
CROWN LIQUOR STORE,Liquor sales,Alcohol Sales (Consumption Off Premises),DC2 DC2,379 - 91 STREET SW,ELLERSLIE,6211,53.430766554055054,-113.4682178,POINT (-113.468217808901 53.430766554055)
ACE LIQUOR DISCOUNTER AT NORTHGATE,Retail Liquor Store,Alcohol Sales (Consumption Off Premises),CSC,13620 - 93 STREET NW,GLENGARRY,2290,53.59810386077337,-113.4884864,POINT (-113.488486359242 53.598103860773)
WINE AND BEYOND AT SOUTHGATE,Liquor Store,Alcohol Sales (Consumption Off Premises),DC2,11011 - 51 AVENUE NW,EMPIRE PARK,5170,53.485738714734964,-113.5135438,POINT (-113.513543834648 53.485738714735)
LIQUOR DEPOT AT CALLINGWOOD,Liquor Store,Alcohol Sales (Consumption Off Premises),DC2,208 6655 - 178 STREET NW,CALLINGWOOD SOUTH,4080,53.50142538912599,-113.6291162,POINT (-113.629116221289 53.501425389126)
ACE LIQUOR DISCOUNTER AT MEADOWBROOK,Retail Liquor Store,Alcohol Sales (Consumption Off Premises),DC2 DC2,3927 - 34 STREET NW,LARKSPUR,6390,53.47456641578832,-113.3916918,POINT (-113.391691754475 53.474566415788)
BROS LIQUOR DISCOUNT,Liquor Store,Alcohol Sales (Consumption Off Premises),CSC,12902 - 82 STREET NW,KILLARNEY,2420,53.58764235428057,-113.4677943,POINT (-113.467794343971 53.587642354281)
LIQUOR DEPOT AT LEWIS ESTATES #590,Liquor Store,Alcohol Sales (Consumption Off Premises),DC1,1252 - WEBBER GREENS DRIVE NW,WEBBER GREENS,4740,53.529090837377794,-113.6869544,POINT (-113.686954449328 53.529090837378)
LIQUOR HOUSE,Liquor Store - Sale of liquor and related products,Alcohol Sales (Consumption Off Premises),DC1,11730 - JASPER AVENUE NW,OLIVER,1150,53.541421385299145,-113.5240591,POINT (-113.524059079928 53.541421385299)
MILLWOODS TOWN LIQUOR,Liquor Store,Alcohol Sales (Consumption Off Premises),DC2,6109 - 28 AVENUE NW,MILL WOODS TOWN CENTRE,6520,53.458629674708845,-113.4276472,POINT (-113.427647225437 53.458629674709)
CHERRIO LIQUOR STORE,Liquor Store,Alcohol Sales (Consumption Off Premises),CB2,10138 - 111 AVENUE NW,SPRUCE AVENUE,1230,53.55923603455197,-113.495258,POINT (-113.495258030023 53.559236034552)
EVOLUTION LIQUOR,Liquor Store,Alcohol Sales (Consumption Off Premises),IB,15523 - 118 AVENUE NW,GARSIDE INDUSTRIAL,4170,53.56983225378426,-113.5896121,POINT (-113.589612125851 53.569832253784)
CRESTWOOD FINE WINES,,Alcohol Sales (Consumption Off Premises),CSC,9658 - 142 STREET NW,CRESTWOOD,3140,53.53412413763961,-113.5665784,POINT (-113.566578359781 53.53412413764)
LYNNWOOD LIQUOR SHOP,Liquor Store,Alcohol Sales (Consumption Off Premises),CSC,8738 - 149 STREET NW,JASPER PARK,4230,53.52069282338633,-113.5784893,POINT (-113.57848927273 53.520692823386)
BELMONT LIQUOR LTD,Liquor Store,Alcohol Sales (Consumption Off Premises),DC2,12 13508 - VICTORIA TRAIL NW,BELMONT,2070,53.59752790658233,-113.3875091,POINT (-113.387509110493 53.597527906582)
WINE & BEYOND AT WINDERMERE #581,Liquor Store,Alcohol Sales (Consumption Off Premises),CSCa CSCa,6284 - CURRENTS DRIVE NW,AMBLESIDE,5505,53.43721868477137,-113.6034315,POINT (-113.603431514033 53.437218684771)
LIQUOR SELECT LTD,Liquor Store,Alcohol Sales (Consumption Off Premises),DC2,8924 - 149 STREET NW,JASPER PARK,4230,53.522051910539645,-113.5784918,POINT (-113.578491833291 53.52205191054)
LIQUOR HOUSE,Liquor Store,Alcohol Sales (Consumption Off Premises),DC2,15 9977 - 178 STREET NW,TERRA LOSA,4540,53.5372244,-113.6258684,POINT (-113.625868391749 53.537224400653)
LIQUOR LAKE,Liquor Store,Alcohol Sales (Consumption Off Premises),CSC,12526 - 132 AVENUE NW,KENSINGTON,3250,53.59281594339368,-113.538479,POINT (-113.538479004485 53.592815943394)
PETROLIA LIQUOR STORE,Liquor Store,Alcohol Sales (Consumption Off Premises),CSC RF4 CSC,11431 - 40 AVENUE NW,GREENFIELD,5220,53.475608890720984,-113.5288015,POINT (-113.528801474156 53.475608890721)
KEGS AND MORE LIQUOR,alcohol sales,Alcohol Sales (Consumption Off Premises),IB IB,100 17404 - 105 AVENUE NW,MCNAMARA INDUSTRIAL,4300,53.549164155816634,-113.6215817,POINT (-113.621581746663 53.549164155817)
CALLINGWOOD LIQUOR LTD.,LIQUOR STORE,Alcohol Sales (Consumption Off Premises),CSC,6002 - 184 STREET NW,JAMIESON PLACE,4220,53.494499614011566,-113.6407316,POINT (-113.640731552416 53.494499614012)
SOBEYS SPIRITS WINE COLD BEER #8960,Sobey's,Alcohol Sales (Consumption Off Premises),DC2 DC2,4903 - 184 STREET NW,DECHENE,4110,53.48598581642392,-113.6439946,POINT (-113.643994609417 53.485985816424)
FRIENDS 97 LIQUOR,Alcohol Sales,Alcohol Sales (Consumption Off Premises),CSC,12455 - 97 STREET NW,DELTON,1080,53.58086171297611,-113.4915188,POINT (-113.491518830326 53.580861712976)
HIGHLANDS LIQUOR STORE,Wine Beer & Liquor Store,Alcohol Sales (Consumption Off Premises),DC1,11173 - 65 STREET NW,HIGHLANDS,2330,53.56471127,-113.4374853,POINT (-113.437485312468 53.564711274201)
GLASSY LIQUOR IN GRIESBACH,RETAIL LIQUOR STORE,Alcohol Sales (Consumption Off Premises),CB1,6865 - AD ASTRA BOULEVARD NW,GRIESBACH,3111,53.60664538705528,-113.515452,POINT (-113.515451963723 53.606645387055)
BELLE RIVE LIQUOR STORE,Liquor Store,Alcohol Sales (Consumption Off Premises),DC2,8312 - 160 AVENUE NW,BELLE RIVE,2050,53.621116081725056,-113.4693993,POINT (-113.469399316013 53.621116081725)
LIQUOR HOUSE,Sale of liquor and related products,Alcohol Sales (Consumption Off Premises),CB1,5224 - 199 STREET NW,THE HAMPTONS,4461,53.48844228382365,-113.6652184,POINT (-113.665218430896 53.488442283824)
WEST EDMONTON TRUCKLAND LIQUOR,Retail Liquor Store,Alcohol Sales (Consumption Off Premises),CHY,16810 - 118 AVENUE NW,CARLETON SQUARE INDUSTRIAL,4100,53.57150332,-113.6126237,POINT (-113.612623737357 53.571503320037)
SAFEWAY LIQUOR GARNEAU #3004,Alcohol Sales,Alcohol Sales (Consumption Off Premises),CB2,8204 - 109 STREET NW,GARNEAU,5200,53.51862274675446,-113.5131559,POINT (-113.513155942573 53.518622746754)
SOBEYS SPIRITS WINE COLD BEER #3710,Liquor Store,Alcohol Sales (Consumption Off Premises),DC2,3803 - 34 STREET NW,LARKSPUR,6390,53.473624678536936,-113.3920325,POINT (-113.39203250321 53.473624678537)
ACE LIQUOR DISCOUNTER AT JASPER AVENUE,Liquor Stores,Alcohol Sales (Consumption Off Premises),DC2,10164 - 109 STREET NW,DOWNTOWN,1090,53.54199064975008,-113.5093792,POINT (-113.50937922813 53.54199064975)
ACE LIQUOR DISCOUNTER AT JASPER GATES,Liquor Store,Alcohol Sales (Consumption Off Premises),DC2,15039 - STONY PLAIN ROAD NW,WEST JASPER PLACE,4580,53.540355436762326,-113.5805144,POINT (-113.580514407385 53.540355436762)
OASIS LIQUOR STORE,Liquor Store,Alcohol Sales (Consumption Off Premises),CB1,10537 - 107 AVENUE NW,CENTRAL MCDOUGALL,1030,53.55123233,-113.5023886,POINT (-113.502388588953 53.551232331298)
GLASSY LIQUOR ON 34,Liquor Sales,Alcohol Sales (Consumption Off Premises),DC2 DC2,3377 - 28A AVENUE NW,SILVER BERRY,6442,53.45888216391115,-113.392901,POINT (-113.392901037562 53.458882163911)
ACE LIQUOR DISCOUNTER AT 137TH AVENUE,Liquor Store,Alcohol Sales (Consumption Off Premises),DC2 DC2,13703 - 40 STREET NW,CLAREVIEW TOWN CENTRE,2145,53.599864812206214,-113.4015495,POINT (-113.401549456089 53.599864812206)
ACE LIQUOR DISCOUNTER AT OLIVER VILLAGE,Liquor Store,Alcohol Sales (Consumption Off Premises),DC1,11354 - 104 AVENUE NW,OLIVER,1150,53.54677616423043,-113.5157155,POINT (-113.51571554256 53.54677616423)
DOWNTOWN LIQUOR,Operate a Liquor Store,Alcohol Sales (Consumption Off Premises),CCA,1C 10020 - JASPER AVENUE NW,DOWNTOWN,1090,53.54142256808111,-113.4914917,POINT (-113.491491682679 53.541422568081)
SHERBROOKE LIQUOR STORE,,Alcohol Sales (Consumption Off Premises),CSC,11819 - ST ALBERT TRAIL NW,SHERBROOKE,3410,53.57079535062868,-113.5487251,POINT (-113.548725135068 53.570795350629)
BEVERLY CREST COLD BEER MART,,Alcohol Sales (Consumption Off Premises),CSC,3404 - 118 AVENUE NW,BEACON HEIGHTS,2040,53.57065243975095,-113.3943089,POINT (-113.39430886368 53.570652439751)
ACE LIQUOR DISCOUNTER AT WESTMOUNT #514,Liquor Store,Alcohol Sales (Consumption Off Premises),CB3 CSC,122 1 - WESTMOUNT SHOPPING CENTRE NW,WOODCROFT,3450,53.56137799967168,-113.5535083,POINT (-113.553508286594 53.561377999672)
SOBEYS SPIRITS WINE COLD BEER #3713,Liquor Store,Alcohol Sales (Consumption Off Premises),CSC,10965 - 23 AVENUE NW,KEHEEWIN,5250,53.45358313516982,-113.5116435,POINT (-113.511643458047 53.45358313517)
SOBEYS SPIRITS WINE COLD BEER #3706,Liquor Store,Alcohol Sales (Consumption Off Premises),CSC,15353 - CASTLE DOWNS ROAD NW,BEAUMARIS,3040,53.61542556188658,-113.5152135,POINT (-113.515213537224 53.615425561887)
7 DEGREES | WINE | BEER | SPIRITS,Liquor Store,Alcohol Sales (Consumption Off Premises),CB2,116 14315 - 118 AVENUE NW,HUFF BREMNER ESTATE INDUSTRIAL,3230,53.56908873980761,-113.5676609,POINT (-113.567660943045 53.569088739808)
ACE LIQUOR DISCOUNTER AT RIVERBEND SQUARE,Liquor Store,Alcohol Sales (Consumption Off Premises),DC2,740 - RIVERBEND SQUARE NW,FALCONER HEIGHTS,5190,53.46869816285636,-113.5877177,POINT (-113.587717740349 53.468698162856)
ACE LIQUOR DISCOUNTER AT OTTEWELL,Retail Liqour store selling beer wine and spirits.,Alcohol Sales (Consumption Off Premises),CSC,6212 - 90 AVENUE NW,OTTEWELL,6550,53.52512643197832,-113.4275488,POINT (-113.427548769618 53.525126431978)
HAPPY HOUR LIQUOR,Liquor store,Alcohol Sales (Consumption Off Premises),IB IM,13 14220 - YELLOWHEAD TRAIL NW,BROWN INDUSTRIAL,3050,53.58184921683823,-113.5666969,POINT (-113.56669691701 53.581849216838)
RED NIGHT LIQUOR STORE,Liquor Store,Alcohol Sales (Consumption Off Premises),IB,3448 - 99 STREET NW,STRATHCONA INDUSTRIAL PARK,6700,53.46839743509573,-113.487759,POINT (-113.487758986544 53.468397435096)
TOPS LIQUOR,Liquor Store,Alcohol Sales (Consumption Off Premises),CB2,10028 - 82 AVENUE NW,STRATHCONA,5480,53.51837641258533,-113.4898446,POINT (-113.489844631336 53.518376412585)
GOOD GOODS COMPANY,A local (Edmonton and surrounding area) collection of goods (food and various home products) all available for purchase through our website items are delivered once per week.,Alcohol Sales (Consumption Off Premises) Minor Retail Store,DC2 DC2,9524 - 87 STREET NW,STRATHEARN,6710,53.53250946465154,-113.4614151,POINT (-113.461415127474 53.532509464652)
LIQUOR TIME,alcohol sales & general business,Alcohol Sales (Consumption Off Premises),CB1,11743 - 124 STREET NW,INGLEWOOD,3240,53.57000502258156,-113.5354292,POINT (-113.535429191782 53.570005022582)
SOBEYS SPIRITS WINE COLD BEER #5408,Alcohol Sales,Alcohol Sales (Consumption Off Premises) Minor Retail Store,CSC,820 - PARSONS ROAD SW,ELLERSLIE INDUSTRIAL,6214,53.42587455904656,-113.481136,POINT (-113.481135980779 53.425874559047)
ACE LIQUOR DISCOUNTER AT EAUX CLAIRES,alcohol sales establishment,Alcohol Sales (Consumption Off Premises),DC1,9615 - 160 AVENUE NW,EAUX CLAIRES,2241,53.620403091454705,-113.4903349,POINT (-113.49033490004 53.620403091455)
YEG LIQUOR,Liquor Store,Alcohol Sales (Consumption Off Premises),CB2 CB2,10555 - KINGSWAY NW,CENTRAL MCDOUGALL,1030,53.55745614,-113.5017587,POINT (-113.501758686617 53.557456143663)
LIQUOR FORT,liquour store,Alcohol Sales (Consumption Off Premises),IB,12251 - FORT ROAD NW,YELLOWHEAD CORRIDOR EAST,1270,53.578209495400394,-113.456543,POINT (-113.456542954506 53.5782094954)
LIQUOR STATION,THE BUSINESS IS A RUNNING A LQUOR STORE.  I WILL RUN THE BUSINESS BY MY OWN AND HIRE THE NEW EMPLOYEES .,Alcohol Sales (Consumption Off Premises),CB2,103 16220 - STONY PLAIN ROAD NW,BRITANNIA YOUNGSTOWN,4060,53.54159924700481,-113.6021233,POINT (-113.602123293586 53.541599247005)
CANDEREL,Operate a liquor store - alcohol sales.,Alcohol Sales (Consumption Off Premises),CCA,126 1 - EDMONTON CITY CENTRE NW,DOWNTOWN,1090,53.54377188869079,-113.4926974,POINT (-113.492697379082 53.543771888691)
CANDEREL,Operate a liquor store - alcohol sales.,Alcohol Sales (Consumption Off Premises),CCA,126 1 - EDMONTON CITY CENTRE NW,DOWNTOWN,1090,53.54386307485109,-113.4915855,POINT (-113.491585541667 53.543863074851)
BEAM CANADA INC,Office for sales reps who are sellingliquor brands (wines etc.) to liquor stores/hotels etc.  No liquor stored or shipped here.,Alcohol Sales (Consumption Off Premises),IB,10215 - 178 STREET NW,STONE INDUSTRIAL,4510,53.54371026587763,-113.6269668,POINT (-113.626966756516 53.543710265878)
LIQUOR EXPRESS,,Alcohol Sales (Consumption Off Premises),CSC,12625 - 153 AVENUE NW,BARANOW,3020,53.61642698757968,-113.5394142,POINT (-113.539414161296 53.61642698758)
FIRST CLASS LIQUOR STORE,LIQUOR STORE,Alcohol Sales (Consumption Off Premises),CB2,12916 - 97 STREET NW,LAUDERDALE,3260,53.58807059017218,-113.4926101,POINT (-113.49261007293 53.588070590172)
LIQUOR STUDIO,Liquor Store,Alcohol Sales (Consumption Off Premises),CHY,15255 - 111 AVENUE NW,HIGH PARK,4200,53.55848204722285,-113.5833569,POINT (-113.583356934854 53.558482047223)
THE REAL CANADIAN LIQUOR STORE LTD,Liquor Store,Alcohol Sales (Consumption Off Premises),DC2,17303 - STONY PLAIN ROAD NW,PLACE LARUE,4400,53.54005543669473,-113.6198887,POINT (-113.619888716325 53.540055436695)
BOSS LIQUOR,RETAIL LIQUOR STORE,Alcohol Sales (Consumption Off Premises),DC2,11030 - 30 AVENUE SW,CAVANAGH,5467,53.408507484397546,-113.5154089,POINT (-113.515408906595 53.408507484398)
CHEERS AND BEERS,Alcohol Sales,Alcohol Sales (Consumption Off Premises),CB2,10106 - 118 AVENUE NW,WESTWOOD,1250,53.57061488,-113.4942407,POINT (-113.494240668698 53.570614879607)
NORWOOD LIQUOR STORE,,Alcohol Sales (Consumption Off Premises),CB2,9608 - 118 AVENUE NW,ALBERTA AVENUE,1010,53.570532056448414,-113.4908523,POINT (-113.490852347131 53.570532056448)
CROWN LIQUOR STORE,Alcohol Sales,Alcohol Sales (Consumption Off Premises),IB,7617 - ARGYLL ROAD NW,CORONET ADDITION INDUSTRIAL,6090,53.50685941507358,-113.444017,POINT (-113.444016971781 53.506859415074)
HO YEE LIQUOR STORE,Liquor Store,Alcohol Sales (Consumption Off Premises),CB1,102 10757 - 97 STREET NW,MCCAULEY,1140,53.55326312833724,-113.4896046,POINT (-113.489604609996 53.553263128337)
CITY CELLARS,Liquor Store,Alcohol Sales (Consumption Off Premises) Minor Retail Store,DC1,10505 - 123 STREET NW,WESTMOUNT,3440,53.54803436420997,-113.5336298,POINT (-113.533629821796 53.54803436421)
COSTCO CANADA LIQUOR,Liquor Store,Alcohol Sales (Consumption Off Premises),DC2,2640 - 91 STREET NW,PARSONS INDUSTRIAL,6570,53.45535912292387,-113.4691211,POINT (-113.469121085907 53.455359122924)
BREAKTHRU BEVERAGE,Sales and distribution of wine spirits & beer brands in Alberta,Alcohol Sales (Consumption Off Premises),IB,9523 - 41 AVENUE NW,STRATHCONA INDUSTRIAL PARK,6700,53.475887100843806,-113.4764059,POINT (-113.476405893107 53.475887100844)
PRESTIGE LIQUOR,Retail liquor store,Alcohol Sales (Consumption Off Premises),CSC,14211 - 23 AVENUE NW,TERWILLEGAR TOWNE,5640,53.453439608876025,-113.5672566,POINT (-113.567256633944 53.453439608876)
ACE LIQUOR DISCOUNTER AT OXFORD,Liquor Store,Alcohol Sales (Consumption Off Premises),RF5 CSC,15192 - 127 STREET NW,CUMBERLAND,3150,53.614885925310006,-113.542789,POINT (-113.542789014468 53.61488592531)
TRANSIT HOTEL COLD BEER STORE,Liquor Store,Alcohol Sales (Consumption Off Premises),DC1 DC1,12740 - FORT ROAD NW,BELVEDERE,2080,53.58587694162393,-113.4421694,POINT (-113.442169374182 53.585876941624)
SOBEYS SPIRITS WINE COLD BEER #5405,Retail Liquor Store,Alcohol Sales (Consumption Off Premises),CSC,5215 - 167 AVENUE NW,HOLLICK-KENYON,2340,53.62763562607031,-113.4148195,POINT (-113.414819486428 53.62763562607)
SOBEYS SPIRITS WINE COLD BEER,Liquor Store,Alcohol Sales (Consumption Off Premises),CSC,14272 - 23 AVENUE NW,LEGER,5630,53.45466875582304,-113.5672996,POINT (-113.567299630112 53.454668755823)
SOBEYS LIQUOR COLISEUM #5427,Retail liquor store,Alcohol Sales (Consumption Off Premises) Minor Retail Store,US DC2,8012 - 118 AVENUE NW,EASTWOOD,1100,53.57117584161085,-113.4647498,POINT (-113.464749817737 53.571175841611)
ACE LIQUOR DISCOUNTER AT THE GRANGE,Liquor Store,Alcohol Sales (Consumption Off Premises),CSC CSC,2540 - GUARDIAN ROAD NW,GLASTONBURY,4720,53.511274573686805,-113.6756126,POINT (-113.675612585676 53.511274573687)
ACE LIQUOR DISCOUNTER AT CASTLE DOWNS,Liquor Store,Alcohol Sales (Consumption Off Premises),CSC,156 15277 - CASTLE DOWNS ROAD NW,GRIESBACH,3111,53.61346820452225,-113.5157507,POINT (-113.515750704336 53.613468204522)
BOSS LIQUOR,Retail Liquor Store,Alcohol Sales (Consumption Off Premises),DC2 CB1,166 9080 - 25 AVENUE SW,SUMMERSIDE,6213,53.410726711238446,-113.4816028,POINT (-113.481602783031 53.410726711238)
WHITEMUD CROSSING LIQUOR STORE,,Alcohol Sales (Consumption Off Premises),DC2,179 4211 - 106 STREET NW,RIDEAU PARK,5360,53.47969257772844,-113.5023519,POINT (-113.502351864742 53.479692577728)
SOBEYS SPIRITS WINE COLD BEER #3705,Liquor Store,Alcohol Sales (Consumption Off Premises),DC2 DC2,5221 - 23 AVENUE NW,MEYOKUMIN,6460,53.453663011240934,-113.4222196,POINT (-113.422219607464 53.453663011241)
WILLOW PARK WINES & SPIRITS EDMONTON,WholeSales to Bars and Restaurants - Retail Liquor Store,Alcohol Sales (Consumption Off Premises),IB,16612 - 114 AVENUE NW,NORWESTER INDUSTRIAL,4350,53.564191188959484,-113.6052181,POINT (-113.60521813517 53.564191188959)
WESTGATE LIQUOR STORE,liquor sales,Alcohol Sales (Consumption Off Premises),CHY,21621 - STONY PLAIN ROAD NW,SECORD,4487,53.540614907193515,-113.6913588,POINT (-113.691358843858 53.540614907194)
BIN 104 FINE WINE AND SPIRITS,,Alcohol Sales (Consumption Off Premises),CB2,5454 - CALGARY TRAIL NW,PLEASANTVIEW,5320,53.49180958242105,-113.4965696,POINT (-113.496569562255 53.491809582421)
SANDY LANE LIQUOR STORE,Minor liquor store,Alcohol Sales (Consumption Off Premises),CNC,15610 - 95 AVENUE NW,GLENWOOD,4180,53.53193096,-113.5915487,POINT (-113.591548710682 53.531930960889)
EVOLUTION LIQUOR,RETAILS SALES OF ALCOHOL,Alcohol Sales (Consumption Off Premises),IB,9216 - 51 AVENUE NW,CORONET INDUSTRIAL,6100,53.48862663436973,-113.4688576,POINT (-113.46885757701 53.48862663437)
KINGSWAY LIIQUOR & WINE,RETAIL OF LIQUOR STORE,Alcohol Sales (Consumption Off Premises),DC2 DC2 DC2,170 3803 - CALGARY TRAIL NW,CALGARY TRAIL SOUTH,5120,53.47302594851224,-113.4938482,POINT (-113.493848193653 53.473025948512)
COSTCO LIQUOR,Liquor Sales,Alcohol Sales (Consumption Off Premises),DC2,7255 - WINTERBURN ROAD NW,GRANVILLE,4551,53.50909060222166,-113.6855328,POINT (-113.685532831939 53.509090602222)
ALIGRA WINE & SPIRITS,To operate a Minor Alcohol Sales business.,Alcohol Sales (Consumption Off Premises),DC2 DC2 DC2,1423 8882 - 170 STREET NW,SUMMERLEA,4520,53.52226334889166,-113.6184818,POINT (-113.618481760139 53.522263348892)
SUNTERRA CELLAR,,Alcohol Sales (Consumption Off Premises),CCA,201 10150 - JASPER AVENUE NW,DOWNTOWN,1090,53.54170338932126,-113.4946447,POINT (-113.494644668458 53.541703389321)
SUPER VALUE LIQUOR,alcohol sales & general business,Alcohol Sales (Consumption Off Premises),CB1,4506 - 118 AVENUE NW,BEACON HEIGHTS,2040,53.57062426076358,-113.4111913,POINT (-113.411191255854 53.570624260764)
SUPER VALUE LIQUOR,retail liquor store,Alcohol Sales (Consumption Off Premises),CB2,16102 - STONY PLAIN ROAD NW,BRITANNIA YOUNGSTOWN,4060,53.54159656749515,-113.5997933,POINT (-113.599793311691 53.541596567495)
THE REAL CANADIAN LIQUOR STORE #1670,Liquor Store,Alcohol Sales (Consumption Off Premises),CHY CSC CSC,4821 - CALGARY TRAIL NW,CALGARY TRAIL NORTH,5110,53.486776781741526,-113.493511,POINT (-113.493511045852 53.486776781742)
ATHLONE LIQUOR & COLD BEER STORE,,Alcohol Sales (Consumption Off Premises),CNC,12904 - 127 STREET NW,ATHLONE,3010,53.58803245313637,-113.5419706,POINT (-113.541970577879 53.588032453136)
HI END LIQUOR,Liquor Store,Alcohol Sales (Consumption Off Premises),CB1,5025 - 22 AVENUE SW,WALKER,6662,53.41328471,-113.4198499,POINT (-113.419849918379 53.413284714305)
TOPS LIQUOR,,Alcohol Sales (Consumption Off Premises),CB2,10768 - 82 AVENUE NW,GARNEAU,5200,53.51841346924879,-113.5090403,POINT (-113.509040325219 53.518413469249)
LIQUOR DEPOT AT NAMAO,Liquor Store (expanding into the adjacent CRUs),Alcohol Sales (Consumption Off Premises),CSC,16546 - 95 STREET NW,EAUX CLAIRES,2241,53.62749120887925,-113.4876817,POINT (-113.487681711342 53.627491208879)
SHERBROOKE LIQUOR,This will be the second location of Sherbrooke Liquor. It will mainly focus on warehousing shipping and receiving with a Retail sales operation as well.It will also house office space for the ownership group.,Alcohol Sales (Consumption Off Premises),IB,9271 - 50 STREET NW,EASTGATE BUSINESS PARK,6180,53.529841224879085,-113.417117,POINT (-113.417117011425 53.529841224879)
ACE LIQUOR DISCOUNTER AT 23RD AVE MILLWOODS,Liquor Store,Alcohol Sales (Consumption Off Premises),DC1,5638 - 23 AVENUE NW,MILL WOODS TOWN CENTRE,6520,53.45613557601363,-113.4293543,POINT (-113.429354304272 53.456135576014)
GLASSY WINES & SPIRITS,Liquor Store (Minor Alcohol Sales),Alcohol Sales (Consumption Off Premises) Minor Retail Store,DC2,14751 - 40 AVENUE NW,RHATIGAN RIDGE,5350,53.47634405455516,-113.5768531,POINT (-113.576853132975 53.476344054555)
ACE LIQUOR DISCOUNTER AT HERITAGE LINKS,Liquor Store,Alcohol Sales (Consumption Off Premises),CSC,2148 - 109 STREET NW,KEHEEWIN,5250,53.453030227131684,-113.5097359,POINT (-113.509735888028 53.453030227132)
LIQUOR ON 34,Liquor store,Alcohol Sales (Consumption Off Premises),CSC,9222 - 34 AVENUE NW,STRATHCONA INDUSTRIAL PARK,6700,53.46604888979473,-113.4718945,POINT (-113.471894537754 53.466048889795)
BON LIQUOR,Retail liquor store – We sell Wine Beer Spirits on retail basis. These supplies are provided by Liquor Connect and BDL under Alberta Gaming and Liquor Commission (AGCL). Both imported and domestic alcohols and spirits are sold on retail basis. This is only application for the change or transfer of the existing ownership.,Alcohol Sales (Consumption Off Premises),CO,6250 - 99 STREET NW,ROSEDALE INDUSTRIAL,6650,53.49907115018203,-113.4876594,POINT (-113.487659428377 53.499071150182)
HILLS LIQUOR,LIQUOR STORE,Alcohol Sales (Consumption Off Premises),DC1,3751 - 8 AVENUE SW,CHARLESWORTH,6661,53.42542153570029,-113.3985361,POINT (-113.398536110792 53.4254215357)
OASIS WINE AND LIQUOR,It’s a liquor store,Alcohol Sales (Consumption Off Premises),CSC,7430 - 101 AVENUE NW,TERRACE HEIGHTS,6730,53.54146201826561,-113.4425508,POINT (-113.442550839964 53.541462018266)
REAL CANADIAN LIQUOR STORE LTD,General Business,Alcohol Sales (Consumption Off Premises),DC2 CSC,4420 - 17 STREET NW,LARKSPUR,6390,53.48056233018923,-113.3738608,POINT (-113.373860834228 53.480562330189)
TERWILLEGAR TOWN LIQUOR,liquor store,Alcohol Sales (Consumption Off Premises),TMU,5231 - TERWILLEGAR BOULEVARD NW,SOUTH TERWILLEGAR,5642,53.444434339244445,-113.5782603,POINT (-113.578260348229 53.444434339244)
104 LIQUOR BAY,IT'S A RETAIL LIQUOR STORE.,Alcohol Sales (Consumption Off Premises),DC1 DC1,6812 - 104 STREET NW,ALLENDALE,5010,53.504688220988356,-113.4981426,POINT (-113.498142610792 53.504688220988)
SOBEYS LIQUOR NEWCASTLE #5418,Liquor Store,Alcohol Sales (Consumption Off Premises),CSC,16831 - 127 STREET NW,RAPPERSWILL,3370,53.63055191,-113.5395653,POINT (-113.539565279342 53.630551907017)
BOSS LIQUOR CHAPPELLE,LIQUOR STORE,Alcohol Sales (Consumption Off Premises),DC2,3158 - 141 STREET SW,CHAPPELLE AREA,5462,53.40499703654354,-113.5658481,POINT (-113.56584809596 53.404997036544)
CONNECT LIQUOR,Liquor store,Alcohol Sales (Consumption Off Premises),CB1,11266 - 82 STREET NW,CROMDALE,1070,53.56205480380686,-113.4679658,POINT (-113.467965834949 53.562054803807)
LIQUOR CITY,Retail liquor store,Alcohol Sales (Consumption Off Premises),CSC,12859 - 50 STREET NW,HOMESTEADER,2350,53.58831471620714,-113.4172174,POINT (-113.417217430052 53.588314716207)
DEVINE WINES & SPIRITS,,Alcohol Sales (Consumption Off Premises),HA,10111 - 104 STREET NW,DOWNTOWN,1090,53.54127028688429,-113.4988728,POINT (-113.498872781944 53.541270286884)
T'S LIQUOR STORE,Existing Liquor store,Alcohol Sales (Consumption Off Premises),CB1,12305 - 118 AVENUE NW,INGLEWOOD,3240,53.57000536849333,-113.5346595,POINT (-113.534659456825 53.570005368493)
ERMINESKIN CENTRE LIQUOR STORE,Liquor Store,Alcohol Sales (Consumption Off Premises),CSC,3008 - 106 STREET NW,STEINHAUER,5470,53.46253909,-113.5029796,POINT (-113.502979610136 53.462539093827)
WESTMOUNT LIQUOR HUB,Liquor Retail,Alcohol Sales (Consumption Off Premises),CB1,10842 - 124 STREET NW,WESTMOUNT,3440,53.553687124689326,-113.536416,POINT (-113.53641602469 53.553687124689)
GLENORA FINE WINES AND SPIRITS,Retail liquor store,Alcohol Sales (Consumption Off Premises),DC2,190 14101 - WEST BLOCK DRIVE NW,GLENORA,3200,53.54350617685056,-113.5646976,POINT (-113.564697627913 53.543506176851)
GLENORA FINE WINES AND SPIRITS,Retail liquor store,Alcohol Sales (Consumption Off Premises),DC2,190 14101 - WEST BLOCK DRIVE NW,GLENORA,3200,53.543519300639495,-113.5652003,POINT (-113.565200316092 53.543519300639)
WINTERBURN LIQUOR,Liquor store & Retail Sales,Alcohol Sales (Consumption Off Premises) Minor Retail Store,IB,21528 - 115 AVENUE NW,WINTERBURN INDUSTRIAL AREA WEST,4670,53.56634143536593,-113.6898844,POINT (-113.689884387401 53.566341435366)
GLENORA FINE WINES AND SPIRITS,Retail liquor store,Alcohol Sales (Consumption Off Premises),DC2,190 14101 - WEST BLOCK DRIVE NW,GLENORA,3200,53.54350617685056,-113.5646976,POINT (-113.564697627913 53.543506176851)
LIQUOR LINK,Alcohol Sales,Alcohol Sales (Consumption Off Premises),IB,13054 - ST ALBERT TRAIL NW,BONAVENTURE INDUSTRIAL,4050,53.59020856185137,-113.5660766,POINT (-113.566076604796 53.590208561851)
MCINTYRE LIQUOR STORE,Liquor store,Alcohol Sales (Consumption Off Premises),IB,5722 - 75 STREET NW,MCINTYRE INDUSTRIAL,6430,53.494282546714935,-113.4437812,POINT (-113.443781236692 53.494282546715)
MILLBOURNE LIQUOR STORE LTD,Liquor Store,Alcohol Sales (Consumption Off Premises),CSC,190 1 - MILLBOURNE SHOPPING CENTRE NW,LEE RIDGE,6400,53.47232073356031,-113.4502878,POINT (-113.4502878413 53.47232073356)
THE GREAT CANADIAN LIQUOR COMPANY,Liquor Store,Alcohol Sales (Consumption Off Premises),CNC,8120 - 82 AVENUE NW,IDYLWYLDE,6320,53.51835491853214,-113.4535187,POINT (-113.453518742444 53.518354918532)
REAL CANADIAN LIQUORSTORE EXPRESS,Retail Liquor Store,Alcohol Sales (Consumption Off Premises) Minor Retail Store,CB2,11463 - KINGSWAY NW,PRINCE RUPERT,1170,53.564833669163995,-113.5194182,POINT (-113.519418217457 53.564833669164)
LIQUOR HOUSE,liquor store,Alcohol Sales (Consumption Off Premises),CB1,16510 - 59A STREET NW,MATT BERRY,2500,53.62768801565794,-113.4314843,POINT (-113.431484277908 53.627688015658)
BOSS LIQUOR,Retail liquor store,Alcohol Sales (Consumption Off Premises),CB1,10917 - 156 STREET NW,HIGH PARK,4200,53.55452037615667,-113.5899096,POINT (-113.589909647489 53.554520376157)
BLUE ON WHYTE LIQUOR,,Alcohol Sales (Consumption Off Premises) Minor Retail Store,CB2,10058 - 82 AVENUE NW,STRATHCONA,5480,53.51838082810117,-113.4907166,POINT (-113.490716605407 53.518380828101)
CHEERS & BEERS LIQUOR STORE,Liquor Store,Alcohol Sales (Consumption Off Premises),CB1,11007 - 124 STREET NW,WESTMOUNT,3440,53.55762914501619,-113.5354076,POINT (-113.535407568807 53.557629145016)
LIQUOR HOUSE,Sale of liquor and related products,Alcohol Sales (Consumption Off Premises),CB1 CB1,1460 - MCCONACHIE BOULEVARD NW,MCCONACHIE AREA,2521,53.639688141433574,-113.4415678,POINT (-113.441567810626 53.639688141434)
CHEERS & BEERS LIQUOR STORE,Liquor Store,Alcohol Sales (Consumption Off Premises),CB2,11836 - 103 STREET NW,WESTWOOD,1250,53.57116077,-113.498702,POINT (-113.498702047943 53.571160765054)
COLD ONES LIQUOR DISCOUNTER,Retail Liquor Store,Alcohol Sales (Consumption Off Premises),CB2,13443 - FORT ROAD NW,BELVEDERE,2080,53.594784484291644,-113.4252071,POINT (-113.425207134698 53.594784484292)
OLYMPIA LIQUOR EDMONTON WEST,Retail Liquor Store,Alcohol Sales (Consumption Off Premises),DC2 DC2,18473 - STONY PLAIN ROAD NW,PLACE LARUE,4400,53.53948352457253,-113.6433532,POINT (-113.643353242222 53.539483524573)
LIQUOR PLANET,Alcohol Sales,Alcohol Sales (Consumption Off Premises) Minor Retail Store,DC2,11142 - 142 STREET NW,HUFF BREMNER ESTATE INDUSTRIAL,3230,53.55969319726734,-113.56688,POINT (-113.56688000786 53.559693197267)
HIGHLANDER LIQUOR STORE INC.,Liquor Store,Alcohol Sales (Consumption Off Premises),DC2,104 17010 - 90 AVENUE NW,SUMMERLEA,4520,53.525914847961744,-113.6174699,POINT (-113.617469933603 53.525914847962)
